DZ | Algiria | 3 Jour 4 Nuit | 2026-04-23 | Bientot Disponible | C:\xampp\htdocs\Version-Integre\public\uploads819.jpg | 750.0
TN | Mestir | 7 JOUR 8 nuit | 2022-04-06 | Non Disponible | C:\xampp\htdocs\Image-Java\593.jpg | 199.0
QA | Qatar_world_Cup | 6 Jour 7 Nuit | 2022-04-12 | Bientot Disponible | C:\xampp\htdocs\Version-Integre\public\uploads\874.jpg | 2350.0
MC | Marocco | 25 Jour 24 nuit | 2022-04-05 | Bientot Disponible | C:\xampp\htdocs\Version-Integre\public\uploads167.jpg | 3500.0
FR | France | 15 JOUR | 2022-04-05 | Disponible | C:\xampp\htdocs\Version-Integre\public\uploads953.jpg | 2999.0
Uk | Ukranie | 12 Jour | 2022-04-05 | Bientot Disponible | C:\xampp\htdocs\Version-Integre\public\uploads112.jpg | 6550.0
RS | Russie | 13 Jour | 2022-04-12 | Disponible | C:\xampp\htdocs\Version-Integre\public\uploads359.jpg | 5250.0
SY | Syria | 30 Jour | 2022-04-12 | Non Disponible | C:\xampp\htdocs\Version-Integre\public\uploads808.jpg | 853.0
JP | Japon | 9 Jour | 2022-04-12 | Disponible | C:\xampp\htdocs\Version-Integre\public\uploads\463.jpg | 7500.0
SY | Dimask | 19 Jour | 2022-03-31 | Disponible | C:\\xampp\\htdocs\\Version-Integre\\public\\uploads\\370.jpg | 800.0
FR | Paris | 15 jour | 2022-04-13 | Disponible | C:\xampp\htdocs\Version-Integre\public\uploads\947.jpg | 235.0
DZ | Qsantina | 30 jour | 2022-03-31 | Bientot Disponible | C:\\xampp\\htdocs\\Version-Integre\\public\\uploads\\804.jpg | 360.0
SY | lathikiya | 29 Jour | 2023-03-26 | Bientot Disponible | C:\xampp\htdocs\Version-Integre\public\uploads\370.jpg | 1800.0
US | USA | 20 Jour | 2022-04-05 | Bientot Disponible | C:\xampp\htdocs\Version-Integre\public\uploads\517.jpg | 3600.0
US | New York | 5 jour | 2022-04-05 | Non Disponible | C:\\xampp\\htdocs\\Version-Integre\\public\\uploads\\213.jpg | 2000.0
Ca | Cabec | 8 Jour | 2022-04-05 | Disponible | C:\xampp\htdocs\Version-Integre\public\uploads\119.jpg | 3500.0
Ca | Canada | 130 Jour | 2022-03-30 | Disponible | C:\\xampp\\htdocs\\Version-Integre\\public\\uploads\\688.jpg | 18000.0
BR | Brasile | 9 Jour | 2022-03-30 | Bientot Disponible | C:\xampp\htdocs\Version-Integre\public\uploads\428.jpg | 5000.0
US | New York | 5 jour | 2025-04-13 | Non Disponible | C:\xampp\htdocs\Version-Integre\public\uploads\213.jpg | 2000.0
